timestamp,class_name,file_path,width,height,target_fps,measured_fps,sharpness,brightness,status
2026-06-30T15:55:09.567657,helmet,data/raw/helmet/helmet_20260630_155509_0000.jpg,640,480,30,13.15,275.02,125.31,SAVED
2026-06-30T15:55:14.731359,helmet,,640,480,30,13.15,41.75,129.33,BLUR sharp=41.8
2026-06-30T15:55:15.642948,helmet,,640,480,30,13.17,40.00,125.97,BLUR sharp=40.0
2026-06-30T15:55:19.828150,helmet,data/raw/helmet/helmet_20260630_155519_0001.jpg,640,480,30,13.18,96.23,126.13,SAVED
2026-06-30T15:55:20.360338,helmet,,640,480,30,13.16,77.17,118.67,BLUR sharp=77.2
2026-06-30T15:55:20.890542,helmet,,640,480,30,13.17,71.49,117.52,BLUR sharp=71.5
2026-06-30T15:55:21.423515,helmet,,640,480,30,13.14,66.59,112.76,BLUR sharp=66.6
2026-06-30T15:55:21.955963,helmet,,640,480,30,13.15,63.28,76.77,BLUR sharp=63.3
2026-06-30T15:55:22.488050,helmet,,640,480,30,13.16,66.37,85.91,BLUR sharp=66.4
2026-06-30T15:55:23.020720,helmet,,640,480,30,13.16,40.42,158.65,BLUR sharp=40.4
2026-06-30T15:55:23.552716,helmet,,640,480,30,13.16,40.09,134.11,BLUR sharp=40.1
2026-06-30T15:55:24.083743,helmet,,640,480,30,13.16,41.10,130.87,BLUR sharp=41.1
2026-06-30T15:55:24.615695,helmet,,640,480,30,13.15,42.76,134.19,BLUR sharp=42.8
2026-06-30T15:55:26.285275,helmet,,640,480,30,13.18,37.97,127.37,BLUR sharp=38.0
2026-06-30T15:55:26.820138,helmet,,640,480,30,13.16,43.68,126.96,BLUR sharp=43.7
2026-06-30T15:55:27.352076,helmet,,640,480,30,13.14,38.06,126.92,BLUR sharp=38.1
2026-06-30T15:55:27.652361,helmet,,640,480,30,13.17,36.94,126.74,BLUR sharp=36.9
2026-06-30T15:55:27.884388,helmet,,640,480,30,13.18,39.22,126.30,BLUR sharp=39.2
2026-06-30T15:55:28.415152,helmet,,640,480,30,13.16,39.95,124.13,BLUR sharp=39.9
2026-06-30T15:55:28.948643,helmet,,640,480,30,13.14,42.28,127.12,BLUR sharp=42.3
2026-06-30T15:55:29.479703,helmet,,640,480,30,13.15,46.77,135.92,BLUR sharp=46.8
2026-06-30T15:55:30.011639,helmet,,640,480,30,13.15,41.90,132.93,BLUR sharp=41.9
2026-06-30T15:55:30.544863,helmet,,640,480,30,13.15,43.18,130.77,BLUR sharp=43.2
2026-06-30T15:55:30.693348,helmet,,640,480,30,13.16,43.78,130.65,BLUR sharp=43.8
2026-06-30T15:55:31.075710,helmet,,640,480,30,13.13,43.27,130.62,BLUR sharp=43.3
2026-06-30T15:55:31.301737,helmet,,640,480,30,13.17,42.89,131.86,BLUR sharp=42.9
2026-06-30T15:55:31.608325,helmet,,640,480,30,13.18,44.30,127.03,BLUR sharp=44.3
2026-06-30T15:55:32.140623,helmet,,640,480,30,13.16,42.42,131.12,BLUR sharp=42.4
2026-06-30T15:55:32.672611,helmet,,640,480,30,13.16,39.28,133.31,BLUR sharp=39.3
2026-06-30T15:55:33.203522,helmet,,640,480,30,13.17,42.34,130.59,BLUR sharp=42.3
2026-06-30T15:55:33.736647,helmet,,640,480,30,13.14,38.48,134.12,BLUR sharp=38.5
2026-06-30T15:55:34.268996,helmet,,640,480,30,13.16,39.23,136.02,BLUR sharp=39.2
2026-06-30T15:55:34.801727,helmet,,640,480,30,13.15,35.30,136.98,BLUR sharp=35.3
2026-06-30T15:55:35.331654,helmet,,640,480,30,13.16,35.90,138.88,BLUR sharp=35.9
2026-06-30T15:55:35.864571,helmet,,640,480,30,13.17,37.14,139.62,BLUR sharp=37.1
2026-06-30T15:55:35.937250,helmet,,640,480,30,13.17,36.32,139.63,BLUR sharp=36.3
2026-06-30T15:55:36.165078,helmet,,640,480,30,13.16,33.52,139.18,BLUR sharp=33.5
2026-06-30T15:55:36.397656,helmet,,640,480,30,13.18,32.91,139.02,BLUR sharp=32.9
2026-06-30T15:55:37.686355,helmet,,640,480,30,13.17,52.93,137.43,BLUR sharp=52.9
2026-06-30T15:55:43.006258,helmet,,640,480,30,13.15,47.72,142.50,BLUR sharp=47.7
2026-06-30T15:55:43.540870,helmet,,640,480,30,13.15,51.44,134.73,BLUR sharp=51.4
2026-06-30T15:55:43.994742,helmet,,640,480,30,13.15,36.58,134.66,BLUR sharp=36.6
2026-06-30T15:55:44.073048,helmet,,640,480,30,13.17,36.18,134.57,BLUR sharp=36.2
2026-06-30T15:55:44.604169,helmet,,640,480,30,13.14,40.99,134.18,BLUR sharp=41.0
2026-06-30T15:55:45.134425,helmet,,640,480,30,13.16,35.88,133.89,BLUR sharp=35.9
2026-06-30T15:55:45.669191,helmet,,640,480,30,13.15,39.59,132.85,BLUR sharp=39.6
2026-06-30T15:55:46.502998,helmet,,640,480,30,13.16,42.36,132.37,BLUR sharp=42.4
2026-06-30T15:55:47.036841,helmet,,640,480,30,13.15,40.23,132.20,BLUR sharp=40.2
2026-06-30T15:55:47.568393,helmet,,640,480,30,13.16,49.58,133.01,BLUR sharp=49.6
2026-06-30T15:55:48.100956,helmet,,640,480,30,13.15,55.78,132.39,BLUR sharp=55.8
2026-06-30T15:55:48.632063,helmet,,640,480,30,13.19,50.63,133.56,BLUR sharp=50.6
2026-06-30T15:55:49.167033,helmet,data/raw/helmet/helmet_20260630_155549_0002.jpg,640,480,30,13.17,97.56,102.15,SAVED
2026-06-30T15:55:49.699863,helmet,data/raw/helmet/helmet_20260630_155549_0003.jpg,640,480,30,13.14,123.04,118.76,SAVED
2026-06-30T15:55:50.229750,helmet,,640,480,30,13.15,43.47,152.78,BLUR sharp=43.5
2026-06-30T15:55:50.760440,helmet,,640,480,30,13.16,50.43,131.22,BLUR sharp=50.4
2026-06-30T15:55:51.292118,helmet,,640,480,30,13.16,43.61,140.79,BLUR sharp=43.6
2026-06-30T15:55:51.824382,helmet,,640,480,30,13.15,43.74,133.52,BLUR sharp=43.7
2026-06-30T15:55:52.356533,helmet,,640,480,30,13.18,39.89,129.68,BLUR sharp=39.9
2026-06-30T15:55:52.890802,helmet,,640,480,30,13.16,40.37,127.14,BLUR sharp=40.4
2026-06-30T15:55:53.420801,helmet,,640,480,30,13.16,48.76,118.02,BLUR sharp=48.8
2026-06-30T15:55:53.953392,helmet,,640,480,30,13.17,61.09,92.91,BLUR sharp=61.1
2026-06-30T15:55:54.486758,helmet,,640,480,30,13.15,64.34,117.51,BLUR sharp=64.3
2026-06-30T15:55:55.017952,helmet,,640,480,30,13.15,46.30,137.69,BLUR sharp=46.3
2026-06-30T15:55:55.549166,helmet,,640,480,30,13.16,41.28,139.59,BLUR sharp=41.3
2026-06-30T15:55:56.081760,helmet,,640,480,30,13.15,46.72,128.25,BLUR sharp=46.7
2026-06-30T15:55:56.613627,helmet,,640,480,30,13.16,42.84,126.20,BLUR sharp=42.8
2026-06-30T15:55:57.145003,helmet,,640,480,30,13.17,41.13,126.15,BLUR sharp=41.1
2026-06-30T15:55:57.677033,helmet,,640,480,30,13.16,39.50,125.57,BLUR sharp=39.5
2026-06-30T15:55:58.210027,helmet,,640,480,30,13.16,46.20,124.83,BLUR sharp=46.2
2026-06-30T15:55:58.741784,helmet,,640,480,30,13.15,42.68,120.85,BLUR sharp=42.7
2026-06-30T15:55:59.273798,helmet,,640,480,30,13.16,46.09,116.30,BLUR sharp=46.1
2026-06-30T15:55:59.805681,helmet,,640,480,30,13.15,39.14,141.42,BLUR sharp=39.1
2026-06-30T15:56:00.348873,helmet,data/raw/helmet/helmet_20260630_155600_0004.jpg,640,480,30,13.12,126.83,130.62,SAVED
2026-06-30T15:56:00.870772,helmet,,640,480,30,13.18,59.07,115.08,BLUR sharp=59.1
2026-06-30T15:56:01.402003,helmet,,640,480,30,13.14,45.37,112.94,BLUR sharp=45.4
2026-06-30T15:56:01.934724,helmet,,640,480,30,13.16,38.40,126.44,BLUR sharp=38.4
2026-06-30T15:56:02.467447,helmet,,640,480,30,13.14,38.31,159.55,BLUR sharp=38.3
2026-06-30T15:56:02.997432,helmet,,640,480,30,13.17,44.04,134.34,BLUR sharp=44.0
2026-06-30T15:56:03.529673,helmet,,640,480,30,13.15,33.53,133.43,BLUR sharp=33.5
2026-06-30T15:56:04.064247,helmet,,640,480,30,13.14,39.85,135.88,BLUR sharp=39.9
2026-06-30T15:56:04.593789,helmet,,640,480,30,13.15,33.89,136.85,BLUR sharp=33.9
2026-06-30T15:56:05.125258,helmet,,640,480,30,13.17,47.80,123.24,BLUR sharp=47.8
2026-06-30T15:56:05.669107,helmet,data/raw/helmet/helmet_20260630_155605_0005.jpg,640,480,30,13.14,173.00,124.18,SAVED
2026-06-30T15:56:06.193230,helmet,data/raw/helmet/helmet_20260630_155606_0006.jpg,640,480,30,13.15,265.70,96.75,SAVED
2026-06-30T15:56:06.724879,helmet,data/raw/helmet/helmet_20260630_155606_0007.jpg,640,480,30,13.17,529.35,129.85,SAVED
2026-06-30T15:56:07.257433,helmet,data/raw/helmet/helmet_20260630_155607_0008.jpg,640,480,30,13.16,102.35,147.18,SAVED
2026-06-30T15:56:07.788894,helmet,data/raw/helmet/helmet_20260630_155607_0009.jpg,640,480,30,13.15,92.46,135.73,SAVED
2026-06-30T15:56:08.317912,helmet,,640,480,30,13.15,43.34,135.14,BLUR sharp=43.3
2026-06-30T15:56:08.850231,helmet,,640,480,30,13.16,39.66,132.76,BLUR sharp=39.7
2026-06-30T15:56:09.382461,helmet,,640,480,30,13.15,43.97,137.24,BLUR sharp=44.0
2026-06-30T15:56:09.914577,helmet,,640,480,30,13.16,39.25,136.53,BLUR sharp=39.2
2026-06-30T15:56:10.446954,helmet,,640,480,30,13.13,36.78,137.32,BLUR sharp=36.8
2026-06-30T15:56:10.979544,helmet,,640,480,30,13.16,40.97,140.38,BLUR sharp=41.0
2026-06-30T15:56:11.510704,helmet,,640,480,30,13.14,43.83,138.22,BLUR sharp=43.8
2026-06-30T15:56:12.042295,helmet,,640,480,30,13.15,39.29,137.17,BLUR sharp=39.3
2026-06-30T15:56:12.574099,helmet,,640,480,30,13.15,41.39,128.26,BLUR sharp=41.4
2026-06-30T15:56:13.106649,helmet,,640,480,30,13.17,37.92,125.23,BLUR sharp=37.9
2026-06-30T15:56:13.640023,helmet,,640,480,30,13.15,50.22,126.99,BLUR sharp=50.2
2026-06-30T15:56:14.174186,helmet,data/raw/helmet/helmet_20260630_155614_0010.jpg,640,480,30,13.15,125.72,126.90,SAVED
2026-06-30T15:56:14.702222,helmet,,640,480,30,13.19,72.19,142.42,BLUR sharp=72.2
2026-06-30T15:56:15.235501,helmet,,640,480,30,13.18,50.95,125.40,BLUR sharp=50.9
2026-06-30T15:56:15.766186,helmet,,640,480,30,13.17,49.90,123.58,BLUR sharp=49.9
2026-06-30T15:56:16.295473,helmet,,640,480,30,13.14,44.36,127.28,BLUR sharp=44.4
2026-06-30T15:56:16.830058,helmet,,640,480,30,13.14,58.34,126.71,BLUR sharp=58.3
2026-06-30T15:56:17.364360,helmet,data/raw/helmet/helmet_20260630_155617_0011.jpg,640,480,30,13.16,104.13,109.42,SAVED
2026-06-30T15:56:17.894631,helmet,,640,480,30,13.17,70.13,121.45,BLUR sharp=70.1
2026-06-30T15:56:18.427840,helmet,,640,480,30,13.15,67.03,129.29,BLUR sharp=67.0
2026-06-30T15:56:18.958015,helmet,,640,480,30,13.16,79.59,129.35,BLUR sharp=79.6
2026-06-30T15:56:19.493341,helmet,data/raw/helmet/helmet_20260630_155619_0012.jpg,640,480,30,13.14,84.85,129.23,SAVED
2026-06-30T15:56:20.024992,helmet,data/raw/helmet/helmet_20260630_155620_0013.jpg,640,480,30,13.16,117.68,113.12,SAVED
2026-06-30T15:56:20.553996,helmet,,640,480,30,13.13,58.20,145.87,BLUR sharp=58.2
2026-06-30T15:56:21.086262,helmet,,640,480,30,13.14,65.53,121.36,BLUR sharp=65.5
2026-06-30T15:56:21.620424,helmet,,640,480,30,13.15,74.22,106.99,BLUR sharp=74.2
2026-06-30T15:56:22.159985,helmet,data/raw/helmet/helmet_20260630_155622_0014.jpg,640,480,30,13.16,98.18,116.21,SAVED
2026-06-30T15:56:22.685608,helmet,data/raw/helmet/helmet_20260630_155622_0015.jpg,640,480,30,13.14,100.03,130.18,SAVED
2026-06-30T15:56:23.218896,helmet,data/raw/helmet/helmet_20260630_155623_0016.jpg,640,480,30,13.16,84.14,133.79,SAVED
2026-06-30T15:56:23.749451,helmet,data/raw/helmet/helmet_20260630_155623_0017.jpg,640,480,30,13.15,83.77,133.06,SAVED
2026-06-30T15:56:24.280353,helmet,data/raw/helmet/helmet_20260630_155624_0018.jpg,640,480,30,13.14,83.95,132.37,SAVED
2026-06-30T15:56:24.813170,helmet,data/raw/helmet/helmet_20260630_155624_0019.jpg,640,480,30,13.15,87.07,132.42,SAVED
2026-06-30T15:56:25.343688,helmet,data/raw/helmet/helmet_20260630_155625_0020.jpg,640,480,30,13.15,84.26,133.97,SAVED
2026-06-30T15:56:25.872658,helmet,,640,480,30,13.15,69.24,137.93,BLUR sharp=69.2
2026-06-30T15:56:26.410804,helmet,data/raw/helmet/helmet_20260630_155626_0021.jpg,640,480,30,13.17,90.43,128.42,SAVED
2026-06-30T15:56:26.942314,helmet,data/raw/helmet/helmet_20260630_155626_0022.jpg,640,480,30,13.15,92.26,128.53,SAVED
2026-06-30T15:56:27.481335,helmet,data/raw/helmet/helmet_20260630_155627_0023.jpg,640,480,30,13.16,95.30,120.77,SAVED
2026-06-30T15:56:28.006916,helmet,data/raw/helmet/helmet_20260630_155628_0024.jpg,640,480,30,13.16,243.83,128.03,SAVED
2026-06-30T15:56:28.538279,helmet,data/raw/helmet/helmet_20260630_155628_0025.jpg,640,480,30,13.15,182.19,132.71,SAVED
2026-06-30T15:56:29.070543,helmet,data/raw/helmet/helmet_20260630_155629_0026.jpg,640,480,30,13.18,155.04,128.79,SAVED
2026-06-30T15:56:29.602222,helmet,data/raw/helmet/helmet_20260630_155629_0027.jpg,640,480,30,13.16,127.31,129.44,SAVED
2026-06-30T15:56:30.134463,helmet,data/raw/helmet/helmet_20260630_155630_0028.jpg,640,480,30,13.17,142.73,139.46,SAVED
2026-06-30T15:56:30.666292,helmet,data/raw/helmet/helmet_20260630_155630_0029.jpg,640,480,30,13.17,178.47,136.06,SAVED
2026-06-30T15:56:31.197945,helmet,data/raw/helmet/helmet_20260630_155631_0030.jpg,640,480,30,13.15,244.09,129.90,SAVED
2026-06-30T15:56:31.731081,helmet,data/raw/helmet/helmet_20260630_155631_0031.jpg,640,480,30,13.14,424.08,88.14,SAVED
2026-06-30T15:56:32.261952,helmet,data/raw/helmet/helmet_20260630_155632_0032.jpg,640,480,30,13.18,422.89,71.74,SAVED
2026-06-30T15:56:32.800224,helmet,data/raw/helmet/helmet_20260630_155632_0033.jpg,640,480,30,13.16,188.07,118.07,SAVED
2026-06-30T15:56:33.325055,helmet,data/raw/helmet/helmet_20260630_155633_0034.jpg,640,480,30,13.18,188.42,150.64,SAVED
2026-06-30T15:56:33.854141,helmet,,640,480,30,13.12,61.89,126.80,BLUR sharp=61.9
2026-06-30T15:56:34.390624,helmet,data/raw/helmet/helmet_20260630_155634_0035.jpg,640,480,30,13.15,226.48,100.33,SAVED
2026-06-30T15:56:34.923423,helmet,data/raw/helmet/helmet_20260630_155634_0036.jpg,640,480,30,13.15,90.55,136.71,SAVED
2026-06-30T15:56:35.454052,helmet,data/raw/helmet/helmet_20260630_155635_0037.jpg,640,480,30,13.15,82.75,144.01,SAVED
2026-06-30T15:56:35.983271,helmet,,640,480,30,13.16,49.75,132.62,BLUR sharp=49.8
2026-06-30T15:56:36.515558,helmet,,640,480,30,13.16,30.94,132.85,BLUR sharp=30.9
2026-06-30T15:56:37.047838,helmet,,640,480,30,13.16,23.13,132.39,BLUR sharp=23.1
2026-06-30T15:56:37.579633,helmet,,640,480,30,13.17,18.23,131.98,BLUR sharp=18.2
2026-06-30T15:56:38.112287,helmet,,640,480,30,13.14,19.17,131.15,BLUR sharp=19.2
2026-06-30T15:56:38.643387,helmet,,640,480,30,13.16,22.51,129.73,BLUR sharp=22.5
2026-06-30T15:56:39.176253,helmet,,640,480,30,13.15,20.58,128.29,BLUR sharp=20.6
2026-06-30T15:56:39.708202,helmet,,640,480,30,13.16,22.85,128.29,BLUR sharp=22.9
2026-06-30T15:56:40.241238,helmet,,640,480,30,13.13,33.27,131.21,BLUR sharp=33.3
2026-06-30T15:56:40.772444,helmet,,640,480,30,13.17,19.29,131.57,BLUR sharp=19.3
2026-06-30T15:56:41.304332,helmet,,640,480,30,13.15,17.51,131.70,BLUR sharp=17.5
2026-06-30T15:56:41.834389,helmet,,640,480,30,13.14,16.79,131.61,BLUR sharp=16.8
2026-06-30T15:56:42.367796,helmet,,640,480,30,13.17,18.97,131.93,BLUR sharp=19.0
2026-06-30T15:56:42.898158,helmet,,640,480,30,13.17,27.68,130.69,BLUR sharp=27.7
2026-06-30T15:56:43.433803,helmet,,640,480,30,13.17,32.91,134.34,BLUR sharp=32.9
2026-06-30T15:56:43.986337,helmet,data/raw/helmet/helmet_20260630_155643_0038.jpg,640,480,30,13.15,133.37,102.05,SAVED
2026-06-30T15:56:44.500159,helmet,data/raw/helmet/helmet_20260630_155644_0039.jpg,640,480,30,13.16,245.76,107.16,SAVED
2026-06-30T15:56:45.031350,helmet,data/raw/helmet/helmet_20260630_155645_0040.jpg,640,480,30,13.15,156.36,108.75,SAVED
2026-06-30T15:56:45.563765,helmet,data/raw/helmet/helmet_20260630_155645_0041.jpg,640,480,30,13.17,312.78,121.54,SAVED
2026-06-30T15:56:46.094497,helmet,data/raw/helmet/helmet_20260630_155646_0042.jpg,640,480,30,13.16,151.36,128.71,SAVED
2026-06-30T15:56:46.626776,helmet,data/raw/helmet/helmet_20260630_155646_0043.jpg,640,480,30,13.16,196.52,100.19,SAVED
2026-06-30T15:56:47.155968,helmet,,640,480,30,13.14,69.14,124.64,BLUR sharp=69.1
2026-06-30T15:56:47.688967,helmet,,640,480,30,13.15,62.61,120.57,BLUR sharp=62.6
2026-06-30T15:56:48.220421,helmet,,640,480,30,13.15,67.48,106.04,BLUR sharp=67.5
2026-06-30T15:56:48.752654,helmet,,640,480,30,13.16,65.02,116.36,BLUR sharp=65.0
2026-06-30T15:56:49.283915,helmet,,640,480,30,13.18,51.16,132.15,BLUR sharp=51.2
2026-06-30T15:56:49.817139,helmet,,640,480,30,13.15,63.50,126.26,BLUR sharp=63.5
2026-06-30T15:56:50.349169,helmet,,640,480,30,13.16,50.17,133.66,BLUR sharp=50.2
2026-06-30T15:56:50.880693,helmet,,640,480,30,13.18,50.42,132.99,BLUR sharp=50.4
2026-06-30T15:56:51.413930,helmet,,640,480,30,13.16,65.82,125.28,BLUR sharp=65.8
2026-06-30T15:56:51.943728,helmet,,640,480,30,13.18,58.16,125.80,BLUR sharp=58.2
2026-06-30T15:56:52.477780,helmet,,640,480,30,13.16,57.68,129.59,BLUR sharp=57.7
2026-06-30T15:56:53.008527,helmet,,640,480,30,13.16,63.39,124.53,BLUR sharp=63.4
2026-06-30T15:56:53.538536,helmet,,640,480,30,13.14,66.31,112.35,BLUR sharp=66.3
2026-06-30T15:56:54.069762,helmet,,640,480,30,13.15,63.30,124.91,BLUR sharp=63.3
2026-06-30T15:56:54.601752,helmet,,640,480,30,13.16,60.38,130.87,BLUR sharp=60.4
2026-06-30T15:56:55.135089,helmet,,640,480,30,13.14,57.01,139.30,BLUR sharp=57.0
2026-06-30T15:56:55.669194,helmet,,640,480,30,13.14,56.93,136.61,BLUR sharp=56.9
2026-06-30T15:56:56.200782,helmet,,640,480,30,13.15,51.82,125.62,BLUR sharp=51.8
2026-06-30T15:56:56.733117,helmet,,640,480,30,13.15,46.88,165.72,BLUR sharp=46.9
2026-06-30T15:56:57.268591,helmet,data/raw/helmet/helmet_20260630_155657_0044.jpg,640,480,30,13.15,249.19,117.91,SAVED
2026-06-30T15:56:57.799426,helmet,data/raw/helmet/helmet_20260630_155657_0045.jpg,640,480,30,13.16,444.43,106.34,SAVED
2026-06-30T15:56:58.331590,helmet,data/raw/helmet/helmet_20260630_155658_0046.jpg,640,480,30,13.17,382.16,103.31,SAVED
2026-06-30T15:56:58.863647,helmet,data/raw/helmet/helmet_20260630_155658_0047.jpg,640,480,30,13.17,116.83,101.41,SAVED
2026-06-30T15:56:59.395695,helmet,data/raw/helmet/helmet_20260630_155659_0048.jpg,640,480,30,13.16,223.34,95.75,SAVED
2026-06-30T15:56:59.940182,helmet,data/raw/helmet/helmet_20260630_155659_0049.jpg,640,480,30,13.15,488.66,115.93,SAVED
2026-06-30T15:57:00.460471,helmet,data/raw/helmet/helmet_20260630_155700_0050.jpg,640,480,30,13.17,829.61,111.28,SAVED
2026-06-30T15:57:00.991931,helmet,data/raw/helmet/helmet_20260630_155700_0051.jpg,640,480,30,13.16,889.96,111.66,SAVED
2026-06-30T15:57:01.525075,helmet,data/raw/helmet/helmet_20260630_155701_0052.jpg,640,480,30,13.12,248.95,117.36,SAVED
2026-06-30T15:57:02.056065,helmet,data/raw/helmet/helmet_20260630_155702_0053.jpg,640,480,30,13.16,309.28,136.81,SAVED
2026-06-30T15:57:02.589550,helmet,data/raw/helmet/helmet_20260630_155702_0054.jpg,640,480,30,13.16,237.73,134.43,SAVED
2026-06-30T15:57:03.120006,helmet,data/raw/helmet/helmet_20260630_155703_0055.jpg,640,480,30,13.16,346.30,126.16,SAVED
2026-06-30T15:57:03.651089,helmet,data/raw/helmet/helmet_20260630_155703_0056.jpg,640,480,30,13.16,238.09,142.54,SAVED
2026-06-30T15:57:04.182963,helmet,data/raw/helmet/helmet_20260630_155704_0057.jpg,640,480,30,13.17,363.52,130.80,SAVED
2026-06-30T15:57:04.715215,helmet,data/raw/helmet/helmet_20260630_155704_0058.jpg,640,480,30,13.14,255.88,127.11,SAVED
2026-06-30T15:57:05.260193,helmet,data/raw/helmet/helmet_20260630_155705_0059.jpg,640,480,30,13.15,240.14,135.92,SAVED
2026-06-30T15:57:05.779725,helmet,data/raw/helmet/helmet_20260630_155705_0060.jpg,640,480,30,13.15,242.02,132.70,SAVED
2026-06-30T15:57:06.312267,helmet,data/raw/helmet/helmet_20260630_155706_0061.jpg,640,480,30,13.16,249.06,121.15,SAVED
2026-06-30T15:57:06.843991,helmet,data/raw/helmet/helmet_20260630_155706_0062.jpg,640,480,30,13.16,237.80,123.57,SAVED
2026-06-30T15:57:07.375976,helmet,data/raw/helmet/helmet_20260630_155707_0063.jpg,640,480,30,13.17,269.59,122.48,SAVED
2026-06-30T15:57:07.907049,helmet,data/raw/helmet/helmet_20260630_155707_0064.jpg,640,480,30,13.16,271.42,120.90,SAVED
2026-06-30T15:57:08.440051,helmet,data/raw/helmet/helmet_20260630_155708_0065.jpg,640,480,30,13.16,224.88,123.83,SAVED
2026-06-30T15:57:08.973137,helmet,data/raw/helmet/helmet_20260630_155708_0066.jpg,640,480,30,13.15,225.39,123.46,SAVED
2026-06-30T15:57:09.504238,helmet,data/raw/helmet/helmet_20260630_155709_0067.jpg,640,480,30,13.15,242.70,121.86,SAVED
2026-06-30T15:57:10.035776,helmet,data/raw/helmet/helmet_20260630_155710_0068.jpg,640,480,30,13.15,243.99,121.38,SAVED
2026-06-30T15:57:10.587257,helmet,data/raw/helmet/helmet_20260630_155710_0069.jpg,640,480,30,13.16,246.92,121.05,SAVED
2026-06-30T15:57:11.100073,helmet,data/raw/helmet/helmet_20260630_155711_0070.jpg,640,480,30,13.15,243.76,121.90,SAVED
2026-06-30T15:57:11.631942,helmet,data/raw/helmet/helmet_20260630_155711_0071.jpg,640,480,30,13.15,245.44,121.63,SAVED
2026-06-30T15:57:12.164171,helmet,data/raw/helmet/helmet_20260630_155712_0072.jpg,640,480,30,13.15,243.36,122.03,SAVED
2026-06-30T15:57:12.696555,helmet,data/raw/helmet/helmet_20260630_155712_0073.jpg,640,480,30,13.17,241.48,126.23,SAVED
2026-06-30T15:57:13.228347,helmet,data/raw/helmet/helmet_20260630_155713_0074.jpg,640,480,30,13.17,464.06,110.98,SAVED
2026-06-30T15:57:13.762016,helmet,data/raw/helmet/helmet_20260630_155713_0075.jpg,640,480,30,13.14,198.63,122.99,SAVED
2026-06-30T15:57:14.292627,helmet,data/raw/helmet/helmet_20260630_155714_0076.jpg,640,480,30,13.16,342.97,125.47,SAVED
2026-06-30T15:57:14.821959,helmet,,640,480,30,13.14,59.83,114.15,BLUR sharp=59.8
2026-06-30T15:57:15.356169,helmet,data/raw/helmet/helmet_20260630_155715_0077.jpg,640,480,30,13.20,102.52,100.60,SAVED
2026-06-30T15:57:15.886003,helmet,,640,480,30,13.20,31.16,167.51,BLUR sharp=31.2
2026-06-30T15:57:16.421261,helmet,data/raw/helmet/helmet_20260630_155716_0078.jpg,640,480,30,13.16,87.89,142.20,SAVED
2026-06-30T15:57:16.953456,helmet,data/raw/helmet/helmet_20260630_155716_0079.jpg,640,480,30,13.16,80.15,127.11,SAVED
2026-06-30T15:57:17.482043,helmet,,640,480,30,13.16,62.69,108.18,BLUR sharp=62.7
2026-06-30T15:57:18.015285,helmet,,640,480,30,13.16,64.90,105.68,BLUR sharp=64.9
2026-06-30T15:57:18.546602,helmet,,640,480,30,13.16,71.65,117.52,BLUR sharp=71.7
2026-06-30T15:57:19.078495,helmet,,640,480,30,13.16,62.36,115.78,BLUR sharp=62.4
2026-06-30T15:57:19.609930,helmet,,640,480,30,13.16,57.26,109.85,BLUR sharp=57.3
2026-06-30T15:57:20.142174,helmet,,640,480,30,13.15,71.31,116.99,BLUR sharp=71.3
2026-06-30T15:57:20.675720,helmet,,640,480,30,13.15,59.67,134.90,BLUR sharp=59.7
2026-06-30T15:57:21.206035,helmet,,640,480,30,13.17,64.86,108.53,BLUR sharp=64.9
2026-06-30T15:57:21.737589,helmet,,640,480,30,13.15,59.59,116.34,BLUR sharp=59.6
2026-06-30T15:57:22.270117,helmet,,640,480,30,13.15,60.97,106.74,BLUR sharp=61.0
2026-06-30T15:57:22.802854,helmet,,640,480,30,13.18,55.66,98.10,BLUR sharp=55.7
2026-06-30T15:57:23.335891,helmet,,640,480,30,13.15,55.49,120.60,BLUR sharp=55.5
2026-06-30T15:57:23.865904,helmet,,640,480,30,13.15,36.28,129.64,BLUR sharp=36.3
2026-06-30T15:57:24.398632,helmet,,640,480,30,13.17,29.05,130.10,BLUR sharp=29.1
2026-06-30T15:57:24.930830,helmet,,640,480,30,13.18,30.59,129.84,BLUR sharp=30.6
2026-06-30T15:57:25.463074,helmet,,640,480,30,13.17,37.43,129.08,BLUR sharp=37.4
2026-06-30T15:57:25.994957,helmet,,640,480,30,13.13,56.99,124.13,BLUR sharp=57.0
2026-06-30T15:57:26.526729,helmet,,640,480,30,13.17,52.83,123.00,BLUR sharp=52.8
2026-06-30T15:57:27.058277,helmet,,640,480,30,13.17,53.55,122.43,BLUR sharp=53.5
2026-06-30T15:57:27.589802,helmet,,640,480,30,13.15,60.26,182.11,BLUR sharp=60.3
2026-06-30T15:57:28.125048,helmet,data/raw/helmet/helmet_20260630_155728_0080.jpg,640,480,30,13.14,116.46,134.12,SAVED
2026-06-30T15:57:28.657506,helmet,data/raw/helmet/helmet_20260630_155728_0081.jpg,640,480,30,13.14,152.24,130.28,SAVED
2026-06-30T15:57:29.187706,helmet,,640,480,30,13.16,64.63,126.64,BLUR sharp=64.6
2026-06-30T15:57:29.720905,helmet,data/raw/helmet/helmet_20260630_155729_0082.jpg,640,480,30,13.16,95.33,112.42,SAVED
2026-06-30T15:57:30.249655,helmet,,640,480,30,13.17,63.95,102.13,BLUR sharp=64.0
2026-06-30T15:57:30.784836,helmet,data/raw/helmet/helmet_20260630_155730_0083.jpg,640,480,30,13.17,104.11,100.72,SAVED
2026-06-30T15:57:31.319675,helmet,data/raw/helmet/helmet_20260630_155731_0084.jpg,640,480,30,13.12,113.64,110.00,SAVED
2026-06-30T15:57:31.849495,helmet,data/raw/helmet/helmet_20260630_155731_0085.jpg,640,480,30,13.15,150.13,117.44,SAVED
2026-06-30T15:57:32.381966,helmet,data/raw/helmet/helmet_20260630_155732_0086.jpg,640,480,30,13.17,86.27,120.42,SAVED
2026-06-30T15:57:32.910373,helmet,,640,480,30,13.17,71.42,116.65,BLUR sharp=71.4
2026-06-30T15:57:33.447236,helmet,,640,480,30,13.17,79.25,111.33,BLUR sharp=79.2
2026-06-30T15:57:33.980641,helmet,data/raw/helmet/helmet_20260630_155733_0087.jpg,640,480,30,13.16,87.74,115.28,SAVED
2026-06-30T15:57:34.511317,helmet,data/raw/helmet/helmet_20260630_155734_0088.jpg,640,480,30,13.15,86.46,115.63,SAVED
2026-06-30T15:57:35.044020,helmet,data/raw/helmet/helmet_20260630_155735_0089.jpg,640,480,30,13.15,83.66,113.43,SAVED
2026-06-30T15:57:35.574768,helmet,,640,480,30,13.15,77.45,108.96,BLUR sharp=77.4
2026-06-30T15:57:36.110686,helmet,data/raw/helmet/helmet_20260630_155736_0090.jpg,640,480,30,13.15,96.00,111.13,SAVED
2026-06-30T15:57:36.640849,helmet,,640,480,30,13.14,75.69,123.14,BLUR sharp=75.7
2026-06-30T15:57:37.173101,helmet,data/raw/helmet/helmet_20260630_155737_0091.jpg,640,480,30,13.16,104.20,104.18,SAVED
2026-06-30T15:57:37.705593,helmet,data/raw/helmet/helmet_20260630_155737_0092.jpg,640,480,30,13.14,137.19,97.80,SAVED
2026-06-30T15:57:38.237592,helmet,data/raw/helmet/helmet_20260630_155738_0093.jpg,640,480,30,13.17,125.26,119.62,SAVED
2026-06-30T15:57:38.771197,helmet,data/raw/helmet/helmet_20260630_155738_0094.jpg,640,480,30,13.15,137.83,122.66,SAVED
2026-06-30T15:57:39.309375,helmet,data/raw/helmet/helmet_20260630_155739_0095.jpg,640,480,30,13.17,125.07,124.06,SAVED
2026-06-30T15:57:39.834901,helmet,data/raw/helmet/helmet_20260630_155739_0096.jpg,640,480,30,13.17,117.32,112.13,SAVED
2026-06-30T15:57:40.363555,helmet,,640,480,30,13.19,58.05,103.82,BLUR sharp=58.1
2026-06-30T15:57:40.897808,helmet,data/raw/helmet/helmet_20260630_155740_0097.jpg,640,480,30,13.15,156.50,115.40,SAVED
2026-06-30T15:57:41.429691,helmet,data/raw/helmet/helmet_20260630_155741_0098.jpg,640,480,30,13.16,86.40,112.20,SAVED
2026-06-30T15:57:41.963047,helmet,data/raw/helmet/helmet_20260630_155741_0099.jpg,640,480,30,13.14,87.52,101.30,SAVED
2026-06-30T15:57:42.494067,helmet,data/raw/helmet/helmet_20260630_155742_0100.jpg,640,480,30,13.16,97.47,106.77,SAVED
2026-06-30T15:57:43.023156,helmet,,640,480,30,13.19,75.99,108.15,BLUR sharp=76.0
2026-06-30T15:57:43.555376,helmet,,640,480,30,13.16,52.78,149.14,BLUR sharp=52.8
2026-06-30T15:57:44.087607,helmet,,640,480,30,13.14,66.03,132.53,BLUR sharp=66.0
2026-06-30T15:57:44.619634,helmet,,640,480,30,13.15,63.89,129.06,BLUR sharp=63.9
2026-06-30T15:57:45.147901,helmet,,640,480,30,13.17,66.44,129.25,BLUR sharp=66.4
2026-06-30T15:57:45.679947,helmet,,640,480,30,13.15,71.39,132.18,BLUR sharp=71.4
2026-06-30T15:57:46.216696,helmet,,640,480,30,13.17,72.04,129.22,BLUR sharp=72.0
2026-06-30T15:57:46.751419,helmet,data/raw/helmet/helmet_20260630_155746_0101.jpg,640,480,30,13.18,91.53,121.18,SAVED
2026-06-30T15:57:47.279771,helmet,,640,480,30,13.16,71.34,105.53,BLUR sharp=71.3
2026-06-30T15:57:47.810954,helmet,,640,480,30,13.17,37.92,150.45,BLUR sharp=37.9
2026-06-30T15:57:48.343176,helmet,,640,480,30,13.15,43.70,128.66,BLUR sharp=43.7
2026-06-30T15:57:48.877169,helmet,,640,480,30,13.13,47.50,116.44,BLUR sharp=47.5
2026-06-30T15:57:49.408011,helmet,,640,480,30,13.15,43.11,123.91,BLUR sharp=43.1
2026-06-30T15:57:49.940283,helmet,,640,480,30,13.15,43.43,129.40,BLUR sharp=43.4
2026-06-30T15:57:50.472297,helmet,,640,480,30,13.16,42.88,129.88,BLUR sharp=42.9
2026-06-30T15:57:51.003884,helmet,,640,480,30,13.16,25.56,164.95,BLUR sharp=25.6
2026-06-30T15:57:51.535621,helmet,,640,480,30,13.14,38.09,125.75,BLUR sharp=38.1
2026-06-30T15:57:52.066541,helmet,,640,480,30,13.16,33.36,117.87,BLUR sharp=33.4
2026-06-30T15:57:52.600022,helmet,,640,480,30,13.17,26.77,126.71,BLUR sharp=26.8
2026-06-30T15:57:53.133639,helmet,,640,480,30,13.16,33.19,117.51,BLUR sharp=33.2
2026-06-30T15:57:53.663768,helmet,,640,480,30,13.17,55.79,91.29,BLUR sharp=55.8
2026-06-30T15:57:54.195945,helmet,,640,480,30,13.16,60.05,89.60,BLUR sharp=60.0
2026-06-30T15:57:54.728123,helmet,,640,480,30,13.17,52.02,112.93,BLUR sharp=52.0
2026-06-30T15:57:55.259622,helmet,,640,480,30,13.16,78.92,86.86,BLUR sharp=78.9
2026-06-30T15:57:55.793578,helmet,,640,480,30,13.17,58.41,107.48,BLUR sharp=58.4
2026-06-30T15:57:56.324061,helmet,,640,480,30,13.17,61.24,101.77,BLUR sharp=61.2
2026-06-30T15:57:56.855456,helmet,,640,480,30,13.16,51.95,115.43,BLUR sharp=51.9
2026-06-30T15:57:57.387720,helmet,,640,480,30,13.16,49.27,127.95,BLUR sharp=49.3
2026-06-30T15:57:57.920031,helmet,,640,480,30,13.12,41.59,123.69,BLUR sharp=41.6
2026-06-30T15:57:58.451929,helmet,,640,480,30,13.14,33.55,110.42,BLUR sharp=33.5
2026-06-30T15:57:58.980683,helmet,,640,480,30,13.13,47.68,120.10,BLUR sharp=47.7
2026-06-30T15:57:59.518248,helmet,,640,480,30,13.14,43.76,119.93,BLUR sharp=43.8
2026-06-30T15:58:00.049367,helmet,,640,480,30,13.15,54.57,110.14,BLUR sharp=54.6
2026-06-30T15:58:00.591476,helmet,data/raw/helmet/helmet_20260630_155800_0102.jpg,640,480,30,13.17,142.20,127.78,SAVED
2026-06-30T15:58:01.115869,helmet,data/raw/helmet/helmet_20260630_155801_0103.jpg,640,480,30,13.13,240.89,117.46,SAVED
2026-06-30T15:58:01.645817,helmet,data/raw/helmet/helmet_20260630_155801_0104.jpg,640,480,30,13.17,310.02,106.39,SAVED
2026-06-30T15:58:02.178773,helmet,data/raw/helmet/helmet_20260630_155802_0105.jpg,640,480,30,13.16,207.49,133.21,SAVED
2026-06-30T15:58:02.711669,helmet,data/raw/helmet/helmet_20260630_155802_0106.jpg,640,480,30,13.14,232.70,127.20,SAVED
2026-06-30T15:58:03.244418,helmet,data/raw/helmet/helmet_20260630_155803_0107.jpg,640,480,30,13.15,499.41,106.92,SAVED
2026-06-30T15:58:03.776577,helmet,data/raw/helmet/helmet_20260630_155803_0108.jpg,640,480,30,13.16,355.30,122.89,SAVED
2026-06-30T15:58:04.307331,helmet,data/raw/helmet/helmet_20260630_155804_0109.jpg,640,480,30,13.14,465.27,122.57,SAVED
2026-06-30T15:58:04.840464,helmet,data/raw/helmet/helmet_20260630_155804_0110.jpg,640,480,30,13.15,500.40,114.17,SAVED
2026-06-30T15:58:05.371463,helmet,data/raw/helmet/helmet_20260630_155805_0111.jpg,640,480,30,13.16,691.82,112.33,SAVED
2026-06-30T15:58:05.915172,helmet,data/raw/helmet/helmet_20260630_155805_0112.jpg,640,480,30,13.15,595.54,125.74,SAVED
2026-06-30T15:58:06.435106,helmet,data/raw/helmet/helmet_20260630_155806_0113.jpg,640,480,30,13.14,854.66,109.91,SAVED
2026-06-30T15:58:06.967733,helmet,data/raw/helmet/helmet_20260630_155806_0114.jpg,640,480,30,13.15,653.38,115.33,SAVED
2026-06-30T15:58:07.499843,helmet,data/raw/helmet/helmet_20260630_155807_0115.jpg,640,480,30,13.16,556.23,128.02,SAVED
2026-06-30T15:58:08.032227,helmet,data/raw/helmet/helmet_20260630_155808_0116.jpg,640,480,30,13.18,138.77,124.40,SAVED
2026-06-30T15:58:08.563921,helmet,data/raw/helmet/helmet_20260630_155808_0117.jpg,640,480,30,13.14,409.04,127.46,SAVED
2026-06-30T15:58:09.095644,helmet,data/raw/helmet/helmet_20260630_155809_0118.jpg,640,480,30,13.16,603.00,127.58,SAVED
2026-06-30T15:58:09.627916,helmet,data/raw/helmet/helmet_20260630_155809_0119.jpg,640,480,30,13.16,470.68,118.16,SAVED
2026-06-30T15:58:10.159558,helmet,data/raw/helmet/helmet_20260630_155810_0120.jpg,640,480,30,13.15,954.46,116.23,SAVED
2026-06-30T15:58:10.691890,helmet,data/raw/helmet/helmet_20260630_155810_0121.jpg,640,480,30,13.16,968.85,115.96,SAVED
2026-06-30T15:58:11.230420,helmet,data/raw/helmet/helmet_20260630_155811_0122.jpg,640,480,30,13.16,965.50,115.06,SAVED
2026-06-30T15:58:11.755885,helmet,data/raw/helmet/helmet_20260630_155811_0123.jpg,640,480,30,13.15,987.94,112.86,SAVED
2026-06-30T15:58:12.288329,helmet,data/raw/helmet/helmet_20260630_155812_0124.jpg,640,480,30,13.14,1010.61,111.00,SAVED
2026-06-30T15:58:12.819341,helmet,data/raw/helmet/helmet_20260630_155812_0125.jpg,640,480,30,13.16,1023.52,111.50,SAVED
2026-06-30T15:58:13.352178,helmet,data/raw/helmet/helmet_20260630_155813_0126.jpg,640,480,30,13.16,246.52,130.42,SAVED
2026-06-30T15:58:13.884591,helmet,data/raw/helmet/helmet_20260630_155813_0127.jpg,640,480,30,13.15,188.70,135.30,SAVED
2026-06-30T15:58:14.415217,helmet,data/raw/helmet/helmet_20260630_155814_0128.jpg,640,480,30,13.16,94.38,106.49,SAVED
2026-06-30T15:58:14.947056,helmet,data/raw/helmet/helmet_20260630_155814_0129.jpg,640,480,30,13.16,80.67,91.34,SAVED
2026-06-30T15:58:15.476761,helmet,,640,480,30,13.17,71.69,120.88,BLUR sharp=71.7
2026-06-30T15:58:16.010061,helmet,,640,480,30,13.15,57.96,117.05,BLUR sharp=58.0
2026-06-30T15:58:16.541634,helmet,,640,480,30,13.17,52.62,115.95,BLUR sharp=52.6
2026-06-30T15:58:17.074096,helmet,,640,480,30,13.14,48.55,116.43,BLUR sharp=48.5
2026-06-30T15:58:17.607322,helmet,data/raw/helmet/helmet_20260630_155817_0130.jpg,640,480,30,13.16,142.58,146.08,SAVED
2026-06-30T15:58:18.140689,helmet,data/raw/helmet/helmet_20260630_155818_0131.jpg,640,480,30,13.17,414.98,131.39,SAVED
2026-06-30T15:58:18.671940,helmet,data/raw/helmet/helmet_20260630_155818_0132.jpg,640,480,30,13.15,448.25,130.91,SAVED
2026-06-30T15:58:19.205280,helmet,data/raw/helmet/helmet_20260630_155819_0133.jpg,640,480,30,13.15,455.27,129.93,SAVED
2026-06-30T15:58:19.739108,helmet,data/raw/helmet/helmet_20260630_155819_0134.jpg,640,480,30,13.16,326.30,120.52,SAVED
2026-06-30T15:58:20.268211,helmet,data/raw/helmet/helmet_20260630_155820_0135.jpg,640,480,30,13.15,324.70,88.16,SAVED
2026-06-30T15:58:20.802286,helmet,data/raw/helmet/helmet_20260630_155820_0136.jpg,640,480,30,13.16,497.77,72.34,SAVED
2026-06-30T15:58:21.332858,helmet,data/raw/helmet/helmet_20260630_155821_0137.jpg,640,480,30,13.17,751.34,110.71,SAVED
2026-06-30T15:58:21.871589,helmet,data/raw/helmet/helmet_20260630_155821_0138.jpg,640,480,30,13.17,870.27,111.12,SAVED
2026-06-30T15:58:22.395659,helmet,data/raw/helmet/helmet_20260630_155822_0139.jpg,640,480,30,13.17,993.85,97.39,SAVED
2026-06-30T15:58:22.927640,helmet,data/raw/helmet/helmet_20260630_155822_0140.jpg,640,480,30,13.20,534.44,108.22,SAVED
2026-06-30T15:58:23.458260,helmet,,640,480,30,13.15,44.09,161.84,BLUR sharp=44.1
2026-06-30T15:58:23.990836,helmet,,640,480,30,13.16,44.80,129.09,BLUR sharp=44.8
2026-06-30T15:58:24.521657,helmet,,640,480,30,13.18,48.28,117.09,BLUR sharp=48.3
2026-06-30T15:58:25.053975,helmet,,640,480,30,13.17,47.76,118.68,BLUR sharp=47.8
2026-06-30T15:58:25.585757,helmet,,640,480,30,13.15,48.96,129.88,BLUR sharp=49.0
2026-06-30T15:58:26.118080,helmet,,640,480,30,13.16,39.11,134.70,BLUR sharp=39.1
2026-06-30T15:58:26.649280,helmet,,640,480,30,13.17,45.36,134.09,BLUR sharp=45.4
2026-06-30T15:58:27.182786,helmet,,640,480,30,13.17,42.06,134.11,BLUR sharp=42.1
2026-06-30T15:58:27.714594,helmet,,640,480,30,13.18,36.70,134.73,BLUR sharp=36.7
2026-06-30T15:58:28.245977,helmet,,640,480,30,13.16,39.57,136.59,BLUR sharp=39.6
2026-06-30T15:58:28.780029,helmet,,640,480,30,13.17,47.02,139.83,BLUR sharp=47.0
2026-06-30T15:58:29.312702,helmet,data/raw/helmet/helmet_20260630_155829_0141.jpg,640,480,30,13.16,135.67,130.62,SAVED
2026-06-30T15:58:29.845280,helmet,data/raw/helmet/helmet_20260630_155829_0142.jpg,640,480,30,13.15,368.28,106.42,SAVED
2026-06-30T15:58:30.378253,helmet,data/raw/helmet/helmet_20260630_155830_0143.jpg,640,480,30,13.15,552.07,114.70,SAVED
2026-06-30T15:58:30.908583,helmet,data/raw/helmet/helmet_20260630_155830_0144.jpg,640,480,30,13.16,462.61,120.68,SAVED
2026-06-30T15:58:31.440155,helmet,data/raw/helmet/helmet_20260630_155831_0145.jpg,640,480,30,13.18,383.45,139.25,SAVED
2026-06-30T15:58:31.974353,helmet,data/raw/helmet/helmet_20260630_155831_0146.jpg,640,480,30,13.14,332.79,145.26,SAVED
2026-06-30T15:58:32.503862,helmet,data/raw/helmet/helmet_20260630_155832_0147.jpg,640,480,30,13.17,294.02,129.72,SAVED
2026-06-30T15:58:33.045375,helmet,data/raw/helmet/helmet_20260630_155833_0148.jpg,640,480,30,13.13,278.58,129.23,SAVED
2026-06-30T15:58:33.568115,helmet,data/raw/helmet/helmet_20260630_155833_0149.jpg,640,480,30,13.18,281.96,127.58,SAVED
2026-06-30T15:58:34.098098,helmet,,640,480,30,13.14,59.20,129.42,BLUR sharp=59.2
2026-06-30T15:58:34.631921,helmet,,640,480,30,13.14,47.85,113.77,BLUR sharp=47.9
2026-06-30T15:58:35.161727,helmet,,640,480,30,13.16,60.93,98.03,BLUR sharp=60.9
2026-06-30T15:58:35.694659,helmet,,640,480,30,13.16,54.72,105.46,BLUR sharp=54.7
2026-06-30T15:58:36.226184,helmet,,640,480,30,13.19,42.41,116.35,BLUR sharp=42.4
2026-06-30T15:58:36.759867,helmet,,640,480,30,13.17,40.53,107.56,BLUR sharp=40.5
2026-06-30T15:58:37.290014,helmet,,640,480,30,13.16,37.64,122.40,BLUR sharp=37.6
2026-06-30T15:58:37.823228,helmet,,640,480,30,13.15,34.60,110.14,BLUR sharp=34.6
2026-06-30T15:58:38.354436,helmet,,640,480,30,13.16,36.04,119.13,BLUR sharp=36.0
2026-06-30T15:58:38.886594,helmet,,640,480,30,13.14,27.47,124.94,BLUR sharp=27.5
2026-06-30T15:58:39.418264,helmet,,640,480,30,13.15,25.62,126.83,BLUR sharp=25.6
2026-06-30T15:58:39.948050,helmet,,640,480,30,13.14,24.77,123.12,BLUR sharp=24.8
2026-06-30T15:58:40.482434,helmet,,640,480,30,13.15,26.88,121.32,BLUR sharp=26.9
2026-06-30T15:58:41.014657,helmet,,640,480,30,13.18,38.94,144.33,BLUR sharp=38.9
2026-06-30T15:58:41.550118,helmet,data/raw/helmet/helmet_20260630_155841_0150.jpg,640,480,30,13.16,368.87,114.31,SAVED
2026-06-30T15:58:42.081422,helmet,data/raw/helmet/helmet_20260630_155842_0151.jpg,640,480,30,13.17,373.66,93.77,SAVED
2026-06-30T15:58:42.613528,helmet,data/raw/helmet/helmet_20260630_155842_0152.jpg,640,480,30,13.16,589.86,88.97,SAVED
2026-06-30T15:58:43.146688,helmet,data/raw/helmet/helmet_20260630_155843_0153.jpg,640,480,30,13.17,505.61,113.92,SAVED
2026-06-30T15:58:43.678441,helmet,data/raw/helmet/helmet_20260630_155843_0154.jpg,640,480,30,13.15,544.94,124.45,SAVED
2026-06-30T15:58:44.256566,helmet,data/raw/helmet/helmet_20260630_155844_0155.jpg,640,480,30,13.17,642.81,119.86,SAVED
2026-06-30T15:58:44.742057,helmet,data/raw/helmet/helmet_20260630_155844_0156.jpg,640,480,30,13.16,654.21,118.29,SAVED
2026-06-30T15:58:45.273756,helmet,data/raw/helmet/helmet_20260630_155845_0157.jpg,640,480,30,13.15,638.36,118.29,SAVED
2026-06-30T15:58:45.805900,helmet,data/raw/helmet/helmet_20260630_155845_0158.jpg,640,480,30,13.16,632.97,119.09,SAVED
2026-06-30T15:58:46.337412,helmet,data/raw/helmet/helmet_20260630_155846_0159.jpg,640,480,30,13.14,621.01,119.53,SAVED
2026-06-30T15:58:46.869481,no_helmet,data/raw/no_helmet/no_helmet_20260630_155846_0000.jpg,640,480,30,13.15,603.21,119.25,SAVED
2026-06-30T15:58:47.403112,no_helmet,data/raw/no_helmet/no_helmet_20260630_155847_0001.jpg,640,480,30,13.15,620.11,119.19,SAVED
2026-06-30T15:58:47.934683,no_helmet,data/raw/no_helmet/no_helmet_20260630_155847_0002.jpg,640,480,30,13.16,591.30,119.94,SAVED
2026-06-30T15:58:48.465719,no_helmet,data/raw/no_helmet/no_helmet_20260630_155848_0003.jpg,640,480,30,13.18,612.82,130.59,SAVED
2026-06-30T15:58:48.999097,no_helmet,data/raw/no_helmet/no_helmet_20260630_155848_0004.jpg,640,480,30,13.18,573.27,116.16,SAVED
2026-06-30T15:58:49.547959,no_helmet,data/raw/no_helmet/no_helmet_20260630_155849_0005.jpg,640,480,30,13.13,487.33,125.17,SAVED
2026-06-30T15:58:50.062138,no_helmet,data/raw/no_helmet/no_helmet_20260630_155850_0006.jpg,640,480,30,13.15,272.97,147.47,SAVED
2026-06-30T15:58:50.593408,no_helmet,data/raw/no_helmet/no_helmet_20260630_155850_0007.jpg,640,480,30,13.17,223.17,142.44,SAVED
2026-06-30T15:58:51.123071,no_helmet,,640,480,30,13.16,74.06,117.53,BLUR sharp=74.1
2026-06-30T15:58:59.560299,no_helmet,data/raw/no_helmet/no_helmet_20260630_155859_0008.jpg,640,480,30,13.17,844.73,119.08,SAVED
2026-06-30T15:59:00.093566,no_helmet,data/raw/no_helmet/no_helmet_20260630_155900_0009.jpg,640,480,30,13.17,706.60,118.97,SAVED
2026-06-30T15:59:00.627618,no_helmet,data/raw/no_helmet/no_helmet_20260630_155900_0010.jpg,640,480,30,13.14,205.03,134.34,SAVED
2026-06-30T15:59:01.158020,no_helmet,data/raw/no_helmet/no_helmet_20260630_155901_0011.jpg,640,480,30,13.16,312.57,155.29,SAVED
2026-06-30T15:59:01.690762,no_helmet,data/raw/no_helmet/no_helmet_20260630_155901_0012.jpg,640,480,30,13.16,170.22,122.85,SAVED
2026-06-30T15:59:02.223926,no_helmet,data/raw/no_helmet/no_helmet_20260630_155902_0013.jpg,640,480,30,13.15,237.69,112.10,SAVED
2026-06-30T15:59:02.754281,no_helmet,data/raw/no_helmet/no_helmet_20260630_155902_0014.jpg,640,480,30,13.15,194.06,151.81,SAVED
2026-06-30T15:59:03.284465,no_helmet,,640,480,30,13.14,62.29,98.19,BLUR sharp=62.3
2026-06-30T15:59:03.815993,no_helmet,,640,480,30,13.15,53.09,136.27,BLUR sharp=53.1
2026-06-30T15:59:04.347874,no_helmet,,640,480,30,13.16,51.21,138.51,BLUR sharp=51.2
2026-06-30T15:59:04.882875,no_helmet,data/raw/no_helmet/no_helmet_20260630_155904_0015.jpg,640,480,30,13.16,143.96,85.80,SAVED
2026-06-30T15:59:05.414680,no_helmet,data/raw/no_helmet/no_helmet_20260630_155905_0016.jpg,640,480,30,13.18,364.14,106.35,SAVED
2026-06-30T15:59:05.947045,no_helmet,data/raw/no_helmet/no_helmet_20260630_155905_0017.jpg,640,480,30,13.16,368.32,106.56,SAVED
2026-06-30T15:59:06.486849,no_helmet,data/raw/no_helmet/no_helmet_20260630_155906_0018.jpg,640,480,30,13.14,346.71,127.73,SAVED
2026-06-30T15:59:07.011482,no_helmet,data/raw/no_helmet/no_helmet_20260630_155907_0019.jpg,640,480,30,13.15,451.68,107.13,SAVED
2026-06-30T15:59:07.543258,no_helmet,data/raw/no_helmet/no_helmet_20260630_155907_0020.jpg,640,480,30,13.16,179.57,156.15,SAVED
2026-06-30T15:59:08.074909,no_helmet,data/raw/no_helmet/no_helmet_20260630_155908_0021.jpg,640,480,30,13.15,315.25,93.83,SAVED
2026-06-30T15:59:08.606298,no_helmet,data/raw/no_helmet/no_helmet_20260630_155908_0022.jpg,640,480,30,13.15,152.36,144.53,SAVED
2026-06-30T15:59:09.135696,no_helmet,,640,480,30,13.18,53.94,71.37,BLUR sharp=53.9
2026-06-30T15:59:09.671368,no_helmet,data/raw/no_helmet/no_helmet_20260630_155909_0023.jpg,640,480,30,13.14,155.37,136.30,SAVED
2026-06-30T15:59:10.200817,no_helmet,,640,480,30,13.18,52.48,113.37,BLUR sharp=52.5
2026-06-30T15:59:10.732969,no_helmet,,640,480,30,13.15,75.88,117.36,BLUR sharp=75.9
2026-06-30T15:59:11.267837,no_helmet,data/raw/no_helmet/no_helmet_20260630_155911_0024.jpg,640,480,30,13.16,321.26,99.59,SAVED
2026-06-30T15:59:11.799856,no_helmet,data/raw/no_helmet/no_helmet_20260630_155911_0025.jpg,640,480,30,13.15,199.71,122.26,SAVED
2026-06-30T15:59:12.332550,no_helmet,data/raw/no_helmet/no_helmet_20260630_155912_0026.jpg,640,480,30,13.17,511.90,96.50,SAVED
2026-06-30T15:59:12.863027,no_helmet,data/raw/no_helmet/no_helmet_20260630_155912_0027.jpg,640,480,30,13.16,425.55,123.45,SAVED
2026-06-30T15:59:13.396206,no_helmet,data/raw/no_helmet/no_helmet_20260630_155913_0028.jpg,640,480,30,13.17,459.01,94.90,SAVED
2026-06-30T15:59:13.927122,no_helmet,data/raw/no_helmet/no_helmet_20260630_155913_0029.jpg,640,480,30,13.16,1048.11,113.45,SAVED
2026-06-30T15:59:14.460709,no_helmet,data/raw/no_helmet/no_helmet_20260630_155914_0030.jpg,640,480,30,13.16,568.63,93.22,SAVED
2026-06-30T15:59:14.992026,no_helmet,data/raw/no_helmet/no_helmet_20260630_155914_0031.jpg,640,480,30,13.17,372.36,109.89,SAVED
2026-06-30T15:59:15.524263,no_helmet,data/raw/no_helmet/no_helmet_20260630_155915_0032.jpg,640,480,30,13.17,128.69,138.52,SAVED
2026-06-30T15:59:16.056466,no_helmet,data/raw/no_helmet/no_helmet_20260630_155916_0033.jpg,640,480,30,13.16,160.49,129.38,SAVED
2026-06-30T15:59:16.585624,no_helmet,,640,480,30,13.15,36.96,91.62,BLUR sharp=37.0
2026-06-30T15:59:17.119729,no_helmet,data/raw/no_helmet/no_helmet_20260630_155917_0034.jpg,640,480,30,13.14,159.91,102.49,SAVED
2026-06-30T15:59:17.652614,no_helmet,data/raw/no_helmet/no_helmet_20260630_155917_0035.jpg,640,480,30,13.15,189.79,125.42,SAVED
2026-06-30T15:59:18.184986,no_helmet,data/raw/no_helmet/no_helmet_20260630_155918_0036.jpg,640,480,30,13.15,457.98,77.74,SAVED
2026-06-30T15:59:18.715336,no_helmet,data/raw/no_helmet/no_helmet_20260630_155918_0037.jpg,640,480,30,13.17,312.68,105.92,SAVED
2026-06-30T15:59:19.248453,no_helmet,data/raw/no_helmet/no_helmet_20260630_155919_0038.jpg,640,480,30,13.16,468.70,95.47,SAVED
2026-06-30T15:59:19.779660,no_helmet,data/raw/no_helmet/no_helmet_20260630_155919_0039.jpg,640,480,30,13.15,431.41,94.39,SAVED
2026-06-30T15:59:20.311873,no_helmet,data/raw/no_helmet/no_helmet_20260630_155920_0040.jpg,640,480,30,13.13,226.26,112.92,SAVED
2026-06-30T15:59:20.842593,no_helmet,data/raw/no_helmet/no_helmet_20260630_155920_0041.jpg,640,480,30,13.14,232.07,125.73,SAVED
2026-06-30T15:59:21.376745,no_helmet,data/raw/no_helmet/no_helmet_20260630_155921_0042.jpg,640,480,30,13.15,179.15,107.67,SAVED
2026-06-30T15:59:21.904459,no_helmet,,640,480,30,13.16,59.71,117.77,BLUR sharp=59.7
2026-06-30T15:59:22.437167,no_helmet,,640,480,30,13.13,61.64,116.10,BLUR sharp=61.6
2026-06-30T15:59:22.968591,no_helmet,,640,480,30,13.17,68.25,130.48,BLUR sharp=68.2
2026-06-30T15:59:23.500977,no_helmet,,640,480,30,13.16,67.54,135.07,BLUR sharp=67.5
2026-06-30T15:59:24.035411,no_helmet,data/raw/no_helmet/no_helmet_20260630_155924_0043.jpg,640,480,30,13.15,255.83,119.90,SAVED
2026-06-30T15:59:24.567276,no_helmet,data/raw/no_helmet/no_helmet_20260630_155924_0044.jpg,640,480,30,13.17,98.08,110.70,SAVED
2026-06-30T15:59:25.097843,no_helmet,,640,480,30,13.17,72.48,104.62,BLUR sharp=72.5
2026-06-30T15:59:25.629843,no_helmet,,640,480,30,13.13,60.06,115.32,BLUR sharp=60.1
2026-06-30T15:59:26.165045,no_helmet,data/raw/no_helmet/no_helmet_20260630_155926_0045.jpg,640,480,30,13.16,123.26,97.64,SAVED
2026-06-30T15:59:26.695787,no_helmet,data/raw/no_helmet/no_helmet_20260630_155926_0046.jpg,640,480,30,13.15,158.06,87.22,SAVED
2026-06-30T15:59:27.224623,no_helmet,,640,480,30,13.18,55.68,10.59,BLUR sharp=55.7
2026-06-30T15:59:27.759859,no_helmet,data/raw/no_helmet/no_helmet_20260630_155927_0047.jpg,640,480,30,13.17,356.82,87.57,SAVED
2026-06-30T15:59:28.292425,no_helmet,data/raw/no_helmet/no_helmet_20260630_155928_0048.jpg,640,480,30,13.17,82.88,140.61,SAVED
2026-06-30T15:59:28.823341,no_helmet,data/raw/no_helmet/no_helmet_20260630_155928_0049.jpg,640,480,30,13.16,128.26,67.27,SAVED
2026-06-30T15:59:29.355400,no_helmet,data/raw/no_helmet/no_helmet_20260630_155929_0050.jpg,640,480,30,13.18,287.10,95.93,SAVED
2026-06-30T15:59:29.887626,no_helmet,data/raw/no_helmet/no_helmet_20260630_155929_0051.jpg,640,480,30,13.15,131.66,106.63,SAVED
2026-06-30T15:59:30.420959,no_helmet,data/raw/no_helmet/no_helmet_20260630_155930_0052.jpg,640,480,30,13.13,125.46,108.12,SAVED
2026-06-30T15:59:30.952951,no_helmet,data/raw/no_helmet/no_helmet_20260630_155930_0053.jpg,640,480,30,13.16,104.57,130.69,SAVED
2026-06-30T15:59:31.483914,no_helmet,data/raw/no_helmet/no_helmet_20260630_155931_0054.jpg,640,480,30,13.17,157.84,63.92,SAVED
2026-06-30T15:59:32.013799,no_helmet,,640,480,30,13.14,139.83,28.46,TOO_DARK bright=28.5
2026-06-30T15:59:32.547241,no_helmet,data/raw/no_helmet/no_helmet_20260630_155932_0055.jpg,640,480,30,13.18,140.93,80.06,SAVED
2026-06-30T15:59:33.095541,no_helmet,data/raw/no_helmet/no_helmet_20260630_155933_0056.jpg,640,480,30,13.15,111.35,118.01,SAVED
2026-06-30T15:59:33.612136,no_helmet,data/raw/no_helmet/no_helmet_20260630_155933_0057.jpg,640,480,30,13.15,139.67,112.27,SAVED
2026-06-30T15:59:34.143386,no_helmet,data/raw/no_helmet/no_helmet_20260630_155934_0058.jpg,640,480,30,13.16,283.58,102.81,SAVED
2026-06-30T15:59:34.677583,no_helmet,data/raw/no_helmet/no_helmet_20260630_155934_0059.jpg,640,480,30,13.19,218.03,106.22,SAVED
2026-06-30T15:59:35.208743,no_helmet,data/raw/no_helmet/no_helmet_20260630_155935_0060.jpg,640,480,30,13.15,93.69,146.32,SAVED
2026-06-30T15:59:35.739545,no_helmet,data/raw/no_helmet/no_helmet_20260630_155935_0061.jpg,640,480,30,13.15,168.82,145.52,SAVED
2026-06-30T15:59:36.271929,no_helmet,data/raw/no_helmet/no_helmet_20260630_155936_0062.jpg,640,480,30,13.14,370.65,120.32,SAVED
2026-06-30T15:59:36.805032,no_helmet,data/raw/no_helmet/no_helmet_20260630_155936_0063.jpg,640,480,30,13.14,459.08,104.55,SAVED
2026-06-30T15:59:37.337205,no_helmet,data/raw/no_helmet/no_helmet_20260630_155937_0064.jpg,640,480,30,13.16,532.31,126.73,SAVED
2026-06-30T15:59:37.868363,no_helmet,data/raw/no_helmet/no_helmet_20260630_155937_0065.jpg,640,480,30,13.17,829.72,127.08,SAVED
2026-06-30T15:59:38.410702,no_helmet,data/raw/no_helmet/no_helmet_20260630_155938_0066.jpg,640,480,30,13.15,563.50,113.34,SAVED
2026-06-30T15:59:38.932985,no_helmet,data/raw/no_helmet/no_helmet_20260630_155938_0067.jpg,640,480,30,13.16,684.64,97.78,SAVED
2026-06-30T15:59:39.464471,no_helmet,data/raw/no_helmet/no_helmet_20260630_155939_0068.jpg,640,480,30,13.17,792.81,89.44,SAVED
2026-06-30T15:59:39.996532,no_helmet,data/raw/no_helmet/no_helmet_20260630_155939_0069.jpg,640,480,30,13.17,289.14,107.10,SAVED
2026-06-30T15:59:40.528573,no_helmet,data/raw/no_helmet/no_helmet_20260630_155940_0070.jpg,640,480,30,13.15,330.96,110.36,SAVED
2026-06-30T15:59:41.061030,no_helmet,data/raw/no_helmet/no_helmet_20260630_155941_0071.jpg,640,480,30,13.18,470.80,99.41,SAVED
2026-06-30T15:59:41.594084,no_helmet,data/raw/no_helmet/no_helmet_20260630_155941_0072.jpg,640,480,30,13.16,630.36,86.09,SAVED
2026-06-30T15:59:42.125750,no_helmet,data/raw/no_helmet/no_helmet_20260630_155942_0073.jpg,640,480,30,13.15,527.17,83.76,SAVED
2026-06-30T15:59:42.657558,no_helmet,data/raw/no_helmet/no_helmet_20260630_155942_0074.jpg,640,480,30,13.16,654.78,107.03,SAVED
2026-06-30T15:59:43.189761,no_helmet,data/raw/no_helmet/no_helmet_20260630_155943_0075.jpg,640,480,30,13.15,268.75,140.00,SAVED
2026-06-30T15:59:43.740835,no_helmet,data/raw/no_helmet/no_helmet_20260630_155943_0076.jpg,640,480,30,13.16,158.23,171.84,SAVED
2026-06-30T15:59:44.253657,no_helmet,data/raw/no_helmet/no_helmet_20260630_155944_0077.jpg,640,480,30,13.15,305.23,111.98,SAVED
2026-06-30T15:59:44.785735,no_helmet,data/raw/no_helmet/no_helmet_20260630_155944_0078.jpg,640,480,30,13.14,306.03,107.74,SAVED
2026-06-30T15:59:45.317914,no_helmet,data/raw/no_helmet/no_helmet_20260630_155945_0079.jpg,640,480,30,13.12,291.33,130.97,SAVED
2026-06-30T15:59:45.849678,no_helmet,data/raw/no_helmet/no_helmet_20260630_155945_0080.jpg,640,480,30,13.17,317.50,114.43,SAVED
2026-06-30T15:59:46.382138,no_helmet,data/raw/no_helmet/no_helmet_20260630_155946_0081.jpg,640,480,30,13.15,465.72,92.75,SAVED
2026-06-30T15:59:46.913518,no_helmet,data/raw/no_helmet/no_helmet_20260630_155946_0082.jpg,640,480,30,13.15,371.03,97.20,SAVED
2026-06-30T15:59:47.445479,no_helmet,data/raw/no_helmet/no_helmet_20260630_155947_0083.jpg,640,480,30,13.16,197.32,131.99,SAVED
2026-06-30T15:59:47.976149,no_helmet,,640,480,30,13.15,63.99,144.17,BLUR sharp=64.0
2026-06-30T15:59:48.508514,no_helmet,data/raw/no_helmet/no_helmet_20260630_155948_0084.jpg,640,480,30,13.17,138.71,96.48,SAVED
2026-06-30T15:59:49.061545,no_helmet,data/raw/no_helmet/no_helmet_20260630_155949_0085.jpg,640,480,30,13.17,82.10,91.66,SAVED
2026-06-30T15:59:49.570153,no_helmet,,640,480,30,13.16,64.38,125.17,BLUR sharp=64.4
2026-06-30T15:59:50.103563,no_helmet,,640,480,30,13.15,54.39,131.21,BLUR sharp=54.4
2026-06-30T15:59:50.634540,no_helmet,,640,480,30,13.15,57.66,137.16,BLUR sharp=57.7
2026-06-30T15:59:51.169103,no_helmet,data/raw/no_helmet/no_helmet_20260630_155951_0086.jpg,640,480,30,13.16,122.59,127.48,SAVED
2026-06-30T15:59:51.702090,no_helmet,data/raw/no_helmet/no_helmet_20260630_155951_0087.jpg,640,480,30,13.15,181.21,105.77,SAVED
2026-06-30T15:59:52.234132,no_helmet,data/raw/no_helmet/no_helmet_20260630_155952_0088.jpg,640,480,30,13.16,255.85,98.18,SAVED
2026-06-30T15:59:52.766566,no_helmet,data/raw/no_helmet/no_helmet_20260630_155952_0089.jpg,640,480,30,13.17,360.22,122.71,SAVED
2026-06-30T15:59:53.298363,no_helmet,data/raw/no_helmet/no_helmet_20260630_155953_0090.jpg,640,480,30,13.15,269.22,127.21,SAVED
2026-06-30T15:59:53.828094,no_helmet,data/raw/no_helmet/no_helmet_20260630_155953_0091.jpg,640,480,30,13.18,285.21,125.56,SAVED
2026-06-30T15:59:54.371850,no_helmet,data/raw/no_helmet/no_helmet_20260630_155954_0092.jpg,640,480,30,13.15,270.56,118.13,SAVED
2026-06-30T15:59:54.893758,no_helmet,data/raw/no_helmet/no_helmet_20260630_155954_0093.jpg,640,480,30,13.17,191.49,120.00,SAVED
2026-06-30T15:59:55.422647,no_helmet,,640,480,30,13.14,79.07,140.65,BLUR sharp=79.1
2026-06-30T15:59:55.958712,no_helmet,data/raw/no_helmet/no_helmet_20260630_155955_0094.jpg,640,480,30,13.18,126.84,127.31,SAVED
2026-06-30T15:59:56.489541,no_helmet,data/raw/no_helmet/no_helmet_20260630_155956_0095.jpg,640,480,30,13.16,148.77,105.87,SAVED
2026-06-30T15:59:57.022684,no_helmet,data/raw/no_helmet/no_helmet_20260630_155957_0096.jpg,640,480,30,13.17,379.57,61.67,SAVED
2026-06-30T15:59:57.554660,no_helmet,data/raw/no_helmet/no_helmet_20260630_155957_0097.jpg,640,480,30,13.13,297.69,70.83,SAVED
2026-06-30T15:59:58.085442,no_helmet,data/raw/no_helmet/no_helmet_20260630_155958_0098.jpg,640,480,30,13.18,472.42,100.39,SAVED
2026-06-30T15:59:58.618744,no_helmet,data/raw/no_helmet/no_helmet_20260630_155958_0099.jpg,640,480,30,13.15,257.01,117.20,SAVED
2026-06-30T15:59:59.150720,no_helmet,data/raw/no_helmet/no_helmet_20260630_155959_0100.jpg,640,480,30,13.17,185.79,141.52,SAVED
2026-06-30T15:59:59.690264,no_helmet,data/raw/no_helmet/no_helmet_20260630_155959_0101.jpg,640,480,30,13.15,189.47,118.05,SAVED
2026-06-30T16:00:00.213008,no_helmet,data/raw/no_helmet/no_helmet_20260630_160000_0102.jpg,640,480,30,13.15,181.94,118.90,SAVED
2026-06-30T16:00:00.745777,no_helmet,data/raw/no_helmet/no_helmet_20260630_160000_0103.jpg,640,480,30,13.16,189.42,118.32,SAVED
2026-06-30T16:00:01.278723,no_helmet,data/raw/no_helmet/no_helmet_20260630_160001_0104.jpg,640,480,30,13.17,184.71,118.12,SAVED
2026-06-30T16:00:01.810148,no_helmet,data/raw/no_helmet/no_helmet_20260630_160001_0105.jpg,640,480,30,13.13,270.89,49.32,SAVED
2026-06-30T16:00:02.342344,no_helmet,data/raw/no_helmet/no_helmet_20260630_160002_0106.jpg,640,480,30,13.18,246.34,91.07,SAVED
2026-06-30T16:00:02.873873,no_helmet,data/raw/no_helmet/no_helmet_20260630_160002_0107.jpg,640,480,30,13.17,282.43,103.26,SAVED
2026-06-30T16:00:03.405648,no_helmet,data/raw/no_helmet/no_helmet_20260630_160003_0108.jpg,640,480,30,13.16,329.31,123.46,SAVED
2026-06-30T16:00:03.938326,no_helmet,data/raw/no_helmet/no_helmet_20260630_160003_0109.jpg,640,480,30,13.18,204.72,123.57,SAVED
2026-06-30T16:00:04.471014,no_helmet,data/raw/no_helmet/no_helmet_20260630_160004_0110.jpg,640,480,30,13.15,299.35,123.04,SAVED
2026-06-30T16:00:05.011061,no_helmet,data/raw/no_helmet/no_helmet_20260630_160004_0111.jpg,640,480,30,13.16,288.01,118.19,SAVED
2026-06-30T16:00:05.533913,no_helmet,data/raw/no_helmet/no_helmet_20260630_160005_0112.jpg,640,480,30,13.15,371.10,116.57,SAVED
2026-06-30T16:00:06.067147,no_helmet,data/raw/no_helmet/no_helmet_20260630_160006_0113.jpg,640,480,30,13.16,333.43,118.67,SAVED
2026-06-30T16:00:06.603263,no_helmet,data/raw/no_helmet/no_helmet_20260630_160006_0114.jpg,640,480,30,13.16,336.66,118.89,SAVED
2026-06-30T16:00:07.129551,no_helmet,data/raw/no_helmet/no_helmet_20260630_160007_0115.jpg,640,480,30,13.15,223.93,96.64,SAVED
2026-06-30T16:00:07.661496,no_helmet,,640,480,30,13.16,45.66,129.24,BLUR sharp=45.7
2026-06-30T16:00:08.193620,no_helmet,data/raw/no_helmet/no_helmet_20260630_160008_0116.jpg,640,480,30,13.16,82.62,108.40,SAVED
2026-06-30T16:00:08.726209,no_helmet,data/raw/no_helmet/no_helmet_20260630_160008_0117.jpg,640,480,30,13.15,91.50,123.95,SAVED
2026-06-30T16:00:09.258278,no_helmet,data/raw/no_helmet/no_helmet_20260630_160009_0118.jpg,640,480,30,13.15,83.82,123.00,SAVED
2026-06-30T16:00:09.790354,no_helmet,data/raw/no_helmet/no_helmet_20260630_160009_0119.jpg,640,480,30,13.16,82.27,125.75,SAVED
2026-06-30T16:00:10.323059,no_helmet,data/raw/no_helmet/no_helmet_20260630_160010_0120.jpg,640,480,30,13.15,85.16,127.98,SAVED
2026-06-30T16:00:10.854235,no_helmet,data/raw/no_helmet/no_helmet_20260630_160010_0121.jpg,640,480,30,13.16,85.44,129.63,SAVED
2026-06-30T16:00:11.386371,no_helmet,data/raw/no_helmet/no_helmet_20260630_160011_0122.jpg,640,480,30,13.16,82.62,137.08,SAVED
2026-06-30T16:00:11.918275,no_helmet,data/raw/no_helmet/no_helmet_20260630_160011_0123.jpg,640,480,30,13.14,84.80,137.59,SAVED
2026-06-30T16:00:12.450265,no_helmet,data/raw/no_helmet/no_helmet_20260630_160012_0124.jpg,640,480,30,13.15,88.99,133.63,SAVED
2026-06-30T16:00:12.981501,no_helmet,data/raw/no_helmet/no_helmet_20260630_160012_0125.jpg,640,480,30,13.15,84.86,133.66,SAVED
2026-06-30T16:00:13.512622,no_helmet,,640,480,30,13.16,79.19,134.70,BLUR sharp=79.2
2026-06-30T16:00:14.046795,no_helmet,data/raw/no_helmet/no_helmet_20260630_160014_0126.jpg,640,480,30,13.16,82.89,135.06,SAVED
2026-06-30T16:00:14.577837,no_helmet,data/raw/no_helmet/no_helmet_20260630_160014_0127.jpg,640,480,30,13.16,103.20,118.03,SAVED
2026-06-30T16:00:15.110933,no_helmet,data/raw/no_helmet/no_helmet_20260630_160015_0128.jpg,640,480,30,13.15,395.96,114.57,SAVED
2026-06-30T16:00:15.643071,no_helmet,data/raw/no_helmet/no_helmet_20260630_160015_0129.jpg,640,480,30,13.17,312.01,115.04,SAVED
2026-06-30T16:00:16.174689,no_helmet,data/raw/no_helmet/no_helmet_20260630_160016_0130.jpg,640,480,30,13.16,275.87,111.41,SAVED
2026-06-30T16:00:16.705945,no_helmet,data/raw/no_helmet/no_helmet_20260630_160016_0131.jpg,640,480,30,13.16,295.69,118.19,SAVED
2026-06-30T16:00:17.237442,no_helmet,data/raw/no_helmet/no_helmet_20260630_160017_0132.jpg,640,480,30,13.16,293.49,118.43,SAVED
2026-06-30T16:00:17.772119,no_helmet,data/raw/no_helmet/no_helmet_20260630_160017_0133.jpg,640,480,30,13.13,250.56,117.82,SAVED
2026-06-30T16:00:18.304967,no_helmet,data/raw/no_helmet/no_helmet_20260630_160018_0134.jpg,640,480,30,13.14,244.16,118.52,SAVED
2026-06-30T16:00:18.836173,no_helmet,data/raw/no_helmet/no_helmet_20260630_160018_0135.jpg,640,480,30,13.14,257.44,117.78,SAVED
2026-06-30T16:00:19.367761,no_helmet,data/raw/no_helmet/no_helmet_20260630_160019_0136.jpg,640,480,30,13.16,279.28,116.34,SAVED
2026-06-30T16:00:19.900682,no_helmet,data/raw/no_helmet/no_helmet_20260630_160019_0137.jpg,640,480,30,13.14,358.10,109.39,SAVED
2026-06-30T16:00:20.432183,no_helmet,data/raw/no_helmet/no_helmet_20260630_160020_0138.jpg,640,480,30,13.13,140.32,92.36,SAVED
2026-06-30T16:00:20.973129,no_helmet,data/raw/no_helmet/no_helmet_20260630_160020_0139.jpg,640,480,30,13.16,374.25,104.49,SAVED
2026-06-30T16:00:21.495431,no_helmet,data/raw/no_helmet/no_helmet_20260630_160021_0140.jpg,640,480,30,13.15,381.45,106.89,SAVED
2026-06-30T16:00:22.026866,no_helmet,data/raw/no_helmet/no_helmet_20260630_160022_0141.jpg,640,480,30,13.17,489.49,104.65,SAVED
2026-06-30T16:00:22.559553,no_helmet,data/raw/no_helmet/no_helmet_20260630_160022_0142.jpg,640,480,30,13.16,213.12,104.46,SAVED
2026-06-30T16:00:23.086387,no_helmet,,640,480,30,13.19,74.54,124.94,BLUR sharp=74.5
2026-06-30T16:00:23.622423,no_helmet,data/raw/no_helmet/no_helmet_20260630_160023_0143.jpg,640,480,30,13.17,140.13,150.68,SAVED
2026-06-30T16:00:24.153653,no_helmet,data/raw/no_helmet/no_helmet_20260630_160024_0144.jpg,640,480,30,13.18,114.15,131.62,SAVED
2026-06-30T16:00:24.687395,no_helmet,data/raw/no_helmet/no_helmet_20260630_160024_0145.jpg,640,480,30,13.16,102.46,137.25,SAVED
2026-06-30T16:00:25.216338,no_helmet,,640,480,30,13.15,74.33,142.92,BLUR sharp=74.3
2026-06-30T16:00:25.747707,no_helmet,,640,480,30,13.18,57.88,139.95,BLUR sharp=57.9
2026-06-30T16:00:26.279965,no_helmet,,640,480,30,13.14,39.45,104.74,BLUR sharp=39.5
2026-06-30T16:00:26.812645,no_helmet,,640,480,30,13.14,27.77,58.78,BLUR sharp=27.8
2026-06-30T16:00:27.344336,no_helmet,,640,480,30,13.14,41.41,44.72,BLUR sharp=41.4
2026-06-30T16:00:27.877009,no_helmet,,640,480,30,13.17,73.81,131.28,BLUR sharp=73.8
2026-06-30T16:00:28.409023,no_helmet,,640,480,30,13.17,32.53,145.86,BLUR sharp=32.5
2026-06-30T16:00:28.943161,no_helmet,data/raw/no_helmet/no_helmet_20260630_160028_0146.jpg,640,480,30,13.14,219.63,127.77,SAVED
2026-06-30T16:00:29.475158,no_helmet,data/raw/no_helmet/no_helmet_20260630_160029_0147.jpg,640,480,30,13.15,112.22,145.60,SAVED
2026-06-30T16:00:30.007401,no_helmet,data/raw/no_helmet/no_helmet_20260630_160030_0148.jpg,640,480,30,13.15,93.28,153.86,SAVED
2026-06-30T16:00:30.539835,no_helmet,data/raw/no_helmet/no_helmet_20260630_160030_0149.jpg,640,480,30,13.17,93.92,133.01,SAVED
